tax_id,scientific.name,category,temp,common.name
10020,Chordata,chordates,1,Ord's kangaroo rat
10020,Sarcopterygii,bony fishes and tetrapods,1,Ord's kangaroo rat
10020,Amniota,amniotes,1,Ord's kangaroo rat
10020,Mammalia,mammals,1,Ord's kangaroo rat
10020,Rodentia,rodents,1,Ord's kangaroo rat
10029,Chordata,chordates,1,Chinese hamster
10029,Sarcopterygii,bony fishes and tetrapods,1,Chinese hamster
10029,Amniota,amniotes,1,Chinese hamster
10029,Mammalia,mammals,1,Chinese hamster
10029,Rodentia,rodents,1,Chinese hamster
10036,Chordata,chordates,1,golden hamster
10036,Sarcopterygii,bony fishes and tetrapods,1,golden hamster
10036,Amniota,amniotes,1,golden hamster
10036,Mammalia,mammals,1,golden hamster
10036,Rodentia,rodents,1,golden hamster
10041,Chordata,chordates,1,white-footed mouse
10041,Sarcopterygii,bony fishes and tetrapods,1,white-footed mouse
10041,Amniota,amniotes,1,white-footed mouse
10041,Mammalia,mammals,1,white-footed mouse
10041,Rodentia,rodents,1,white-footed mouse
10089,Chordata,chordates,1,Ryukyu mouse
10089,Sarcopterygii,bony fishes and tetrapods,1,Ryukyu mouse
10089,Amniota,amniotes,1,Ryukyu mouse
10089,Mammalia,mammals,1,Ryukyu mouse
10089,Rodentia,rodents,1,Ryukyu mouse
10090,Chordata,chordates,1,house mouse
10090,Sarcopterygii,bony fishes and tetrapods,1,house mouse
10090,Amniota,amniotes,1,house mouse
10090,Mammalia,mammals,1,house mouse
10090,Rodentia,rodents,1,house mouse
10093,Chordata,chordates,1,shrew mouse
10093,Sarcopterygii,bony fishes and tetrapods,1,shrew mouse
10093,Amniota,amniotes,1,shrew mouse
10093,Mammalia,mammals,1,shrew mouse
10093,Rodentia,rodents,1,shrew mouse
10116,Chordata,chordates,1,Norway rat
10116,Sarcopterygii,bony fishes and tetrapods,1,Norway rat
10116,Amniota,amniotes,1,Norway rat
10116,Mammalia,mammals,1,Norway rat
10116,Rodentia,rodents,1,Norway rat
10117,Chordata,chordates,1,black rat
10117,Sarcopterygii,bony fishes and tetrapods,1,black rat
10117,Amniota,amniotes,1,black rat
10117,Mammalia,mammals,1,black rat
10117,Rodentia,rodents,1,black rat
10141,Chordata,chordates,1,domestic guinea pig
10141,Sarcopterygii,bony fishes and tetrapods,1,domestic guinea pig
10141,Amniota,amniotes,1,domestic guinea pig
10141,Mammalia,mammals,1,domestic guinea pig
10141,Rodentia,rodents,1,domestic guinea pig
10160,Chordata,chordates,1,degu
10160,Sarcopterygii,bony fishes and tetrapods,1,degu
10160,Amniota,amniotes,1,degu
10160,Mammalia,mammals,1,degu
10160,Rodentia,rodents,1,degu
10181,Chordata,chordates,1,naked mole-rat
10181,Sarcopterygii,bony fishes and tetrapods,1,naked mole-rat
10181,Amniota,amniotes,1,naked mole-rat
10181,Mammalia,mammals,1,naked mole-rat
10181,Rodentia,rodents,1,naked mole-rat
1026970,Chordata,chordates,1,Upper Galilee mountains blind mole rat
1026970,Sarcopterygii,bony fishes and tetrapods,1,Upper Galilee mountains blind mole rat
1026970,Amniota,amniotes,1,Upper Galilee mountains blind mole rat
1026970,Mammalia,mammals,1,Upper Galilee mountains blind mole rat
1026970,Rodentia,rodents,1,Upper Galilee mountains blind mole rat
103695,Chordata,chordates,1,central bearded dragon
103695,Sarcopterygii,bony fishes and tetrapods,1,central bearded dragon
103695,Amniota,amniotes,1,central bearded dragon
103944,Chordata,chordates,1,""
103944,Sarcopterygii,bony fishes and tetrapods,1,""
103944,Amniota,amniotes,1,""
1047088,Chordata,chordates,1,Eurasian water vole
1047088,Sarcopterygii,bony fishes and tetrapods,1,Eurasian water vole
1047088,Amniota,amniotes,1,Eurasian water vole
1047088,Mammalia,mammals,1,Eurasian water vole
1047088,Rodentia,rodents,1,Eurasian water vole
105023,Chordata,chordates,1,turquoise killifish
105023,Actinopterygii,bony fishes and tetrapods,1,turquoise killifish
105255,Chordata,chordates,1,banner-tailed kangaroo rat
105255,Sarcopterygii,bony fishes and tetrapods,1,banner-tailed kangaroo rat
105255,Amniota,amniotes,1,banner-tailed kangaroo rat
105255,Mammalia,mammals,1,banner-tailed kangaroo rat
105255,Rodentia,rodents,1,banner-tailed kangaroo rat
106582,Chordata,chordates,1,zebra mbuna
106582,Actinopterygii,bony fishes and tetrapods,1,zebra mbuna
106734,Chordata,chordates,1,Abingdon island giant tortoise
106734,Sarcopterygii,bony fishes and tetrapods,1,Abingdon island giant tortoise
106734,Amniota,amniotes,1,Abingdon island giant tortoise
109280,Chordata,chordates,1,tiger tail seahorse
109280,Actinopterygii,bony fishes and tetrapods,1,tiger tail seahorse
1094192,Chordata,chordates,1,""
1094192,Sarcopterygii,bony fishes and tetrapods,1,""
1094192,Amniota,amniotes,1,""
1094192,Aves,birds,1,""
109478,Chordata,chordates,1,Brandt's bat
109478,Sarcopterygii,bony fishes and tetrapods,1,Brandt's bat
109478,Amniota,amniotes,1,Brandt's bat
109478,Mammalia,mammals,1,Brandt's bat
109478,Chiroptera,bats,1,Brandt's bat
109905,Chordata,chordates,1,copperband butterflyfish
109905,Actinopterygii,bony fishes and tetrapods,1,copperband butterflyfish
111838,Chordata,chordates,1,creeping vole
111838,Sarcopterygii,bony fishes and tetrapods,1,creeping vole
111838,Amniota,amniotes,1,creeping vole
111838,Mammalia,mammals,1,creeping vole
111838,Rodentia,rodents,1,creeping vole
113540,Chordata,chordates,1,Asian bonytongue
113540,Actinopterygii,bony fishes and tetrapods,1,Asian bonytongue
114329,Chordata,chordates,1,saffron-crested tyrant-manakin
114329,Sarcopterygii,bony fishes and tetrapods,1,saffron-crested tyrant-manakin
114329,Amniota,amniotes,1,saffron-crested tyrant-manakin
114329,Aves,birds,1,saffron-crested tyrant-manakin
116960,Chordata,chordates,1,""
116960,Sarcopterygii,bony fishes and tetrapods,1,""
116960,Amniota,amniotes,1,""
116960,Mammalia,mammals,1,""
116960,Carnivora,carnivores,1,""
118141,Chordata,chordates,1,Indo-Pacific tarpon
118141,Actinopterygii,bony fishes and tetrapods,1,Indo-Pacific tarpon
118200,Chordata,chordates,1,Downy woodpecker
118200,Sarcopterygii,bony fishes and tetrapods,1,Downy woodpecker
118200,Amniota,amniotes,1,Downy woodpecker
118200,Aves,birds,1,Downy woodpecker
118797,Chordata,chordates,1,Yangtze River dolphin
118797,Sarcopterygii,bony fishes and tetrapods,1,Yangtze River dolphin
118797,Amniota,amniotes,1,Yangtze River dolphin
118797,Mammalia,mammals,1,Yangtze River dolphin
118797,Artiodactyla,even-toed ungulates,1,Yangtze River dolphin
118797,Cetacea,whales and dolphins,1,Yangtze River dolphin
1196302,Chordata,chordates,1,New Caledonian crow
1196302,Sarcopterygii,bony fishes and tetrapods,1,New Caledonian crow
1196302,Amniota,amniotes,1,New Caledonian crow
1196302,Aves,birds,1,New Caledonian crow
1203425,Chordata,chordates,1,New Zealand spotty
1203425,Actinopterygii,bony fishes and tetrapods,1,New Zealand spotty
120794,Chordata,chordates,1,gyrfalcon
120794,Sarcopterygii,bony fishes and tetrapods,1,gyrfalcon
120794,Amniota,amniotes,1,gyrfalcon
120794,Aves,birds,1,gyrfalcon
121530,Chordata,chordates,1,red-crested turaco
121530,Sarcopterygii,bony fishes and tetrapods,1,red-crested turaco
121530,Amniota,amniotes,1,red-crested turaco
121530,Aves,birds,1,red-crested turaco
1230840,Chordata,chordates,1,""
1230840,Sarcopterygii,bony fishes and tetrapods,1,""
1230840,Amniota,amniotes,1,""
1230840,Mammalia,mammals,1,""
1234273,Chordata,chordates,1,yellow catfish
1234273,Actinopterygii,bony fishes and tetrapods,1,yellow catfish
1250792,Chordata,chordates,1,Boeseman's rainbowfish
1250792,Actinopterygii,bony fishes and tetrapods,1,Boeseman's rainbowfish
125878,Chordata,chordates,1,""
125878,Sarcopterygii,bony fishes and tetrapods,1,""
125878,Amphibia,amphibians,1,""
127582,Chordata,chordates,1,Florida manatee
127582,Sarcopterygii,bony fishes and tetrapods,1,Florida manatee
127582,Amniota,amniotes,1,Florida manatee
127582,Mammalia,mammals,1,Florida manatee
128390,Chordata,chordates,1,crested ibis
128390,Sarcopterygii,bony fishes and tetrapods,1,crested ibis
128390,Amniota,amniotes,1,crested ibis
128390,Aves,birds,1,crested ibis
130825,Chordata,chordates,1,black-lipped pika
130825,Sarcopterygii,bony fishes and tetrapods,1,black-lipped pika
130825,Amniota,amniotes,1,black-lipped pika
130825,Mammalia,mammals,1,black-lipped pika
13146,Chordata,chordates,1,budgerigar
13146,Sarcopterygii,bony fishes and tetrapods,1,budgerigar
13146,Amniota,amniotes,1,budgerigar
13146,Aves,birds,1,budgerigar
132908,Chordata,chordates,1,large flying fox
132908,Sarcopterygii,bony fishes and tetrapods,1,large flying fox
132908,Amniota,amniotes,1,large flying fox
132908,Mammalia,mammals,1,large flying fox
132908,Chiroptera,bats,1,large flying fox
13397,Chordata,chordates,1,great white shark
134920,Chordata,chordates,1,ninespine stickleback
134920,Actinopterygii,bony fishes and tetrapods,1,ninespine stickleback
13616,Chordata,chordates,1,gray short-tailed opossum
13616,Sarcopterygii,bony fishes and tetrapods,1,gray short-tailed opossum
13616,Amniota,amniotes,1,gray short-tailed opossum
13616,Mammalia,mammals,1,gray short-tailed opossum
13616,Didelphimorphia,marsupials,1,gray short-tailed opossum
13735,Chordata,chordates,1,Chinese soft-shelled turtle
13735,Sarcopterygii,bony fishes and tetrapods,1,Chinese soft-shelled turtle
13735,Amniota,amniotes,1,Chinese soft-shelled turtle
143291,Chordata,chordates,1,Indian flying fox
143291,Sarcopterygii,bony fishes and tetrapods,1,Indian flying fox
143291,Amniota,amniotes,1,Indian flying fox
143291,Mammalia,mammals,1,Indian flying fox
143291,Chiroptera,bats,1,Indian flying fox
143292,Chordata,chordates,1,Chinese pangolin
143292,Sarcopterygii,bony fishes and tetrapods,1,Chinese pangolin
143292,Amniota,amniotes,1,Chinese pangolin
143292,Mammalia,mammals,1,Chinese pangolin
143302,Chordata,chordates,1,star-nosed mole
143302,Sarcopterygii,bony fishes and tetrapods,1,star-nosed mole
143302,Amniota,amniotes,1,star-nosed mole
143302,Mammalia,mammals,1,star-nosed mole
144197,Chordata,chordates,1,bicolor damselfish
144197,Actinopterygii,bony fishes and tetrapods,1,bicolor damselfish
146911,Chordata,chordates,1,""
146911,Sarcopterygii,bony fishes and tetrapods,1,""
146911,Amniota,amniotes,1,""
148594,Chordata,chordates,1,lesser kestrel
148594,Sarcopterygii,bony fishes and tetrapods,1,lesser kestrel
148594,Amniota,amniotes,1,lesser kestrel
148594,Aves,birds,1,lesser kestrel
150288,Chordata,chordates,1,great blue-spotted mudskipper
150288,Actinopterygii,bony fishes and tetrapods,1,great blue-spotted mudskipper
156563,Chordata,chordates,1,blue tit
156563,Sarcopterygii,bony fishes and tetrapods,1,blue tit
156563,Amniota,amniotes,1,blue tit
156563,Aves,birds,1,blue tit
158456,Chordata,chordates,1,Siamese fighting fish
158456,Actinopterygii,bony fishes and tetrapods,1,Siamese fighting fish
160734,Chordata,chordates,1,leopard coralgrouper
160734,Actinopterygii,bony fishes and tetrapods,1,leopard coralgrouper
1608454,Chordata,chordates,1,""
1608454,Actinopterygii,bony fishes and tetrapods,1,""
1608482,Chordata,chordates,1,jaguarundi
1608482,Sarcopterygii,bony fishes and tetrapods,1,jaguarundi
1608482,Amniota,amniotes,1,jaguarundi
1608482,Mammalia,mammals,1,jaguarundi
1608482,Carnivora,carnivores,1,jaguarundi
161584,Chordata,chordates,1,greater pipefish
161584,Actinopterygii,bony fishes and tetrapods,1,greater pipefish
164674,Chordata,chordates,1,willow flycatcher
164674,Sarcopterygii,bony fishes and tetrapods,1,willow flycatcher
164674,Amniota,amniotes,1,willow flycatcher
164674,Aves,birds,1,willow flycatcher
1676925,Chordata,chordates,1,""
1676925,Actinopterygii,bony fishes and tetrapods,1,""
1706337,Chordata,chordates,1,Yangtze finless porpoise
1706337,Sarcopterygii,bony fishes and tetrapods,1,Yangtze finless porpoise
1706337,Amniota,amniotes,1,Yangtze finless porpoise
1706337,Mammalia,mammals,1,Yangtze finless porpoise
1706337,Artiodactyla,even-toed ungulates,1,Yangtze finless porpoise
1706337,Cetacea,whales and dolphins,1,Yangtze finless porpoise
173247,Chordata,chordates,1,live sharksucker
173247,Actinopterygii,bony fishes and tetrapods,1,live sharksucker
175836,Chordata,chordates,1,""
175836,Sarcopterygii,bony fishes and tetrapods,1,""
175836,Amniota,amniotes,1,""
175836,Aves,birds,1,""
176057,Chordata,chordates,1,Kea
176057,Sarcopterygii,bony fishes and tetrapods,1,Kea
176057,Amniota,amniotes,1,Kea
176057,Aves,birds,1,Kea
176946,Chordata,chordates,1,Burmese python
176946,Sarcopterygii,bony fishes and tetrapods,1,Burmese python
176946,Amniota,amniotes,1,Burmese python
181119,Chordata,chordates,1,Tibetan ground-tit
181119,Sarcopterygii,bony fishes and tetrapods,1,Tibetan ground-tit
181119,Amniota,amniotes,1,Tibetan ground-tit
181119,Aves,birds,1,Tibetan ground-tit
181472,Chordata,chordates,1,jewelled blenny
181472,Actinopterygii,bony fishes and tetrapods,1,jewelled blenny
1841481,Chordata,chordates,1,""
1841481,Actinopterygii,bony fishes and tetrapods,1,""
185453,Chordata,chordates,1,Cape golden mole
185453,Sarcopterygii,bony fishes and tetrapods,1,Cape golden mole
185453,Amniota,amniotes,1,Cape golden mole
185453,Mammalia,mammals,1,Cape golden mole
1868482,Chordata,chordates,1,Philippine tarsier
1868482,Sarcopterygii,bony fishes and tetrapods,1,Philippine tarsier
1868482,Amniota,amniotes,1,Philippine tarsier
1868482,Mammalia,mammals,1,Philippine tarsier
1868482,Primates,primates,1,Philippine tarsier
186990,Chordata,chordates,1,great roundleaf bat
186990,Sarcopterygii,bony fishes and tetrapods,1,great roundleaf bat
186990,Amniota,amniotes,1,great roundleaf bat
186990,Mammalia,mammals,1,great roundleaf bat
186990,Chiroptera,bats,1,great roundleaf bat
187382,Chordata,chordates,1,Macqueen's bustard
187382,Sarcopterygii,bony fishes and tetrapods,1,Macqueen's bustard
187382,Amniota,amniotes,1,Macqueen's bustard
187382,Aves,birds,1,Macqueen's bustard
188344,Chordata,chordates,1,cuckoo roller
188344,Sarcopterygii,bony fishes and tetrapods,1,cuckoo roller
188344,Amniota,amniotes,1,cuckoo roller
188344,Aves,birds,1,cuckoo roller
188379,Chordata,chordates,1,little egret
188379,Sarcopterygii,bony fishes and tetrapods,1,little egret
188379,Amniota,amniotes,1,little egret
188379,Aves,birds,1,little egret
192404,Chordata,chordates,1,""
192404,Sarcopterygii,bony fishes and tetrapods,1,""
192404,Amniota,amniotes,1,""
192404,Mammalia,mammals,1,""
192404,Chiroptera,bats,1,""
194338,Chordata,chordates,1,burrowing owl
194338,Sarcopterygii,bony fishes and tetrapods,1,burrowing owl
194338,Amniota,amniotes,1,burrowing owl
194338,Aves,birds,1,burrowing owl
194408,Chordata,chordates,1,two-lined caecilian
194408,Sarcopterygii,bony fishes and tetrapods,1,two-lined caecilian
194408,Amphibia,amphibians,1,two-lined caecilian
195615,Chordata,chordates,1,Pacific halibut
195615,Actinopterygii,bony fishes and tetrapods,1,Pacific halibut
198806,Chordata,chordates,1,ruff
198806,Sarcopterygii,bony fishes and tetrapods,1,ruff
198806,Amniota,amniotes,1,ruff
198806,Aves,birds,1,ruff
202946,Chordata,chordates,1,""
202946,Sarcopterygii,bony fishes and tetrapods,1,""
202946,Amniota,amniotes,1,""
202946,Aves,birds,1,""
205130,Chordata,chordates,1,zig-zag eel
205130,Actinopterygii,bony fishes and tetrapods,1,zig-zag eel
210632,Chordata,chordates,1,Indian glassy fish
210632,Actinopterygii,bony fishes and tetrapods,1,Indian glassy fish
215358,Chordata,chordates,1,large yellow croaker
215358,Actinopterygii,bony fishes and tetrapods,1,large yellow croaker
219594,Chordata,chordates,1,tufted duck
219594,Sarcopterygii,bony fishes and tetrapods,1,tufted duck
219594,Amniota,amniotes,1,tufted duck
219594,Aves,birds,1,tufted duck
221976,Chordata,chordates,1,rufous-necked snowfinch
221976,Sarcopterygii,bony fishes and tetrapods,1,rufous-necked snowfinch
221976,Amniota,amniotes,1,rufous-necked snowfinch
221976,Aves,birds,1,rufous-necked snowfinch
223781,Chordata,chordates,1,""
223781,Sarcopterygii,bony fishes and tetrapods,1,""
223781,Amniota,amniotes,1,""
223781,Aves,birds,1,""
225400,Chordata,chordates,1,""
225400,Sarcopterygii,bony fishes and tetrapods,1,""
225400,Amniota,amniotes,1,""
225400,Mammalia,mammals,1,""
225400,Chiroptera,bats,1,""
230844,Chordata,chordates,1,prairie deer mouse
230844,Sarcopterygii,bony fishes and tetrapods,1,prairie deer mouse
230844,Amniota,amniotes,1,prairie deer mouse
230844,Mammalia,mammals,1,prairie deer mouse
230844,Rodentia,rodents,1,prairie deer mouse
240206,Chordata,chordates,1,yellow-throated sandgrouse
240206,Sarcopterygii,bony fishes and tetrapods,1,yellow-throated sandgrouse
240206,Amniota,amniotes,1,yellow-throated sandgrouse
240206,Aves,birds,1,yellow-throated sandgrouse
241271,Chordata,chordates,1,humphead wrasse
241271,Actinopterygii,bony fishes and tetrapods,1,humphead wrasse
244447,Chordata,chordates,1,tongue sole
244447,Actinopterygii,bony fishes and tetrapods,1,tongue sole
246437,Chordata,chordates,1,Chinese tree shrew
246437,Sarcopterygii,bony fishes and tetrapods,1,Chinese tree shrew
246437,Amniota,amniotes,1,Chinese tree shrew
246437,Mammalia,mammals,1,Chinese tree shrew
2489341,Chordata,chordates,1,Kakapo
2489341,Sarcopterygii,bony fishes and tetrapods,1,Kakapo
2489341,Amniota,amniotes,1,Kakapo
2489341,Aves,birds,1,Kakapo
260615,Chordata,chordates,1,Reeves's turtle
260615,Sarcopterygii,bony fishes and tetrapods,1,Reeves's turtle
260615,Amniota,amniotes,1,Reeves's turtle
2715852,Chordata,chordates,1,Panamanian white-faced capuchin
2715852,Sarcopterygii,bony fishes and tetrapods,1,Panamanian white-faced capuchin
2715852,Amniota,amniotes,1,Panamanian white-faced capuchin
2715852,Mammalia,mammals,1,Panamanian white-faced capuchin
2715852,Primates,primates,1,Panamanian white-faced capuchin
27622,Chordata,chordates,1,Pallas's mastiff bat
27622,Sarcopterygii,bony fishes and tetrapods,1,Pallas's mastiff bat
27622,Amniota,amniotes,1,Pallas's mastiff bat
27622,Mammalia,mammals,1,Pallas's mastiff bat
27622,Chiroptera,bats,1,Pallas's mastiff bat
27675,Chordata,chordates,1,southern two-toed sloth
27675,Sarcopterygii,bony fishes and tetrapods,1,southern two-toed sloth
27675,Amniota,amniotes,1,southern two-toed sloth
27675,Mammalia,mammals,1,southern two-toed sloth
27679,Chordata,chordates,1,Bolivian squirrel monkey
27679,Sarcopterygii,bony fishes and tetrapods,1,Bolivian squirrel monkey
27679,Amniota,amniotes,1,Bolivian squirrel monkey
27679,Mammalia,mammals,1,Bolivian squirrel monkey
27679,Primates,primates,1,Bolivian squirrel monkey
27687,Chordata,chordates,1,reedfish
27687,Actinopterygii,bony fishes and tetrapods,1,reedfish
27706,Chordata,chordates,1,largemouth bass
27706,Actinopterygii,bony fishes and tetrapods,1,largemouth bass
27794,Chordata,chordates,1,leatherback sea turtle
27794,Sarcopterygii,bony fishes and tetrapods,1,leatherback sea turtle
27794,Amniota,amniotes,1,leatherback sea turtle
279965,Chordata,chordates,1,chuck-will's-widow
279965,Sarcopterygii,bony fishes and tetrapods,1,chuck-will's-widow
279965,Amniota,amniotes,1,chuck-will's-widow
279965,Aves,birds,1,chuck-will's-widow
283035,Chordata,chordates,1,pikeperch
283035,Actinopterygii,bony fishes and tetrapods,1,pikeperch
28377,Chordata,chordates,1,green anole
28377,Sarcopterygii,bony fishes and tetrapods,1,green anole
28377,Amniota,amniotes,1,green anole
286419,Chordata,chordates,1,dingo
286419,Sarcopterygii,bony fishes and tetrapods,1,dingo
286419,Amniota,amniotes,1,dingo
286419,Mammalia,mammals,1,dingo
286419,Carnivora,carnivores,1,dingo
28737,Chordata,chordates,1,Cape elephant shrew
28737,Sarcopterygii,bony fishes and tetrapods,1,Cape elephant shrew
28737,Amniota,amniotes,1,Cape elephant shrew
28737,Mammalia,mammals,1,Cape elephant shrew
28743,Chordata,chordates,1,sheepshead minnow
28743,Actinopterygii,bony fishes and tetrapods,1,sheepshead minnow
29073,Chordata,chordates,1,polar bear
29073,Sarcopterygii,bony fishes and tetrapods,1,polar bear
29073,Amniota,amniotes,1,polar bear
29073,Mammalia,mammals,1,polar bear
29073,Carnivora,carnivores,1,polar bear
29078,Chordata,chordates,1,big brown bat
29078,Sarcopterygii,bony fishes and tetrapods,1,big brown bat
29078,Amniota,amniotes,1,big brown bat
29078,Mammalia,mammals,1,big brown bat
29078,Chiroptera,bats,1,big brown bat
29088,Chordata,chordates,1,Hawaiian monk seal
29088,Sarcopterygii,bony fishes and tetrapods,1,Hawaiian monk seal
29088,Amniota,amniotes,1,Hawaiian monk seal
29088,Mammalia,mammals,1,Hawaiian monk seal
29088,Carnivora,carnivores,1,Hawaiian monk seal
291302,Chordata,chordates,1,""
291302,Sarcopterygii,bony fishes and tetrapods,1,""
291302,Amniota,amniotes,1,""
291302,Mammalia,mammals,1,""
291302,Chiroptera,bats,1,""
29139,Chordata,chordates,1,common wombat
29139,Sarcopterygii,bony fishes and tetrapods,1,common wombat
29139,Amniota,amniotes,1,common wombat
29139,Mammalia,mammals,1,common wombat
29139,Diprotodontia,marsupials,1,common wombat
29144,Chordata,chordates,1,milkfish
29144,Actinopterygii,bony fishes and tetrapods,1,milkfish
296741,Chordata,chordates,1,lance-tailed manakin
296741,Sarcopterygii,bony fishes and tetrapods,1,lance-tailed manakin
296741,Amniota,amniotes,1,lance-tailed manakin
296741,Aves,birds,1,lance-tailed manakin
299123,Chordata,chordates,1,Bengalese finch
299123,Sarcopterygii,bony fishes and tetrapods,1,Bengalese finch
299123,Amniota,amniotes,1,Bengalese finch
299123,Aves,birds,1,Bengalese finch
299321,Chordata,chordates,1,denticle herring
299321,Actinopterygii,bony fishes and tetrapods,1,denticle herring
303518,Chordata,chordates,1,""
303518,Actinopterygii,bony fishes and tetrapods,1,""
30419,Chordata,chordates,1,""
30419,Sarcopterygii,bony fishes and tetrapods,1,""
30419,Amniota,amniotes,1,""
30419,Aves,birds,1,""
30455,Chordata,chordates,1,Northern fulmar
30455,Sarcopterygii,bony fishes and tetrapods,1,Northern fulmar
30455,Amniota,amniotes,1,Northern fulmar
30455,Aves,birds,1,Northern fulmar
30464,Chordata,chordates,1,""
30464,Sarcopterygii,bony fishes and tetrapods,1,""
30464,Amniota,amniotes,1,""
30464,Aves,birds,1,""
30522,Chordata,chordates,1,hybrid cattle
30522,Sarcopterygii,bony fishes and tetrapods,1,hybrid cattle
30522,Amniota,amniotes,1,hybrid cattle
30522,Mammalia,mammals,1,hybrid cattle
30522,Artiodactyla,even-toed ungulates,1,hybrid cattle
30538,Chordata,chordates,1,alpaca
30538,Sarcopterygii,bony fishes and tetrapods,1,alpaca
30538,Amniota,amniotes,1,alpaca
30538,Mammalia,mammals,1,alpaca
30538,Artiodactyla,even-toed ungulates,1,alpaca
30608,Chordata,chordates,1,gray mouse lemur
30608,Sarcopterygii,bony fishes and tetrapods,1,gray mouse lemur
30608,Amniota,amniotes,1,gray mouse lemur
30608,Mammalia,mammals,1,gray mouse lemur
30608,Primates,primates,1,gray mouse lemur
30611,Chordata,chordates,1,small-eared galago
30611,Sarcopterygii,bony fishes and tetrapods,1,small-eared galago
30611,Amniota,amniotes,1,small-eared galago
30611,Mammalia,mammals,1,small-eared galago
30611,Primates,primates,1,small-eared galago
30732,Chordata,chordates,1,Indian medaka
30732,Actinopterygii,bony fishes and tetrapods,1,Indian medaka
307959,Chordata,chordates,1,""
307959,Actinopterygii,bony fishes and tetrapods,1,""
308060,Chordata,chordates,1,Okarito brown kiwi
308060,Sarcopterygii,bony fishes and tetrapods,1,Okarito brown kiwi
308060,Amniota,amniotes,1,Okarito brown kiwi
308060,Aves,birds,1,Okarito brown kiwi
31033,Chordata,chordates,1,torafugu
31033,Actinopterygii,bony fishes and tetrapods,1,torafugu
310571,Chordata,chordates,1,giant grouper
310571,Actinopterygii,bony fishes and tetrapods,1,giant grouper
310752,Chordata,chordates,1,""
310752,Sarcopterygii,bony fishes and tetrapods,1,""
310752,Amniota,amniotes,1,""
310752,Mammalia,mammals,1,""
310752,Artiodactyla,even-toed ungulates,1,""
310752,Cetacea,whales and dolphins,1,""
310915,Chordata,chordates,1,striped catfish
310915,Actinopterygii,bony fishes and tetrapods,1,striped catfish
31138,Chordata,chordates,1,""
31138,Sarcopterygii,bony fishes and tetrapods,1,""
31138,Amniota,amniotes,1,""
321398,Chordata,chordates,1,blue-crowned manakin
321398,Sarcopterygii,bony fishes and tetrapods,1,blue-crowned manakin
321398,Amniota,amniotes,1,blue-crowned manakin
321398,Aves,birds,1,blue-crowned manakin
32473,Chordata,chordates,1,Monterrey platyfish
32473,Actinopterygii,bony fishes and tetrapods,1,Monterrey platyfish
32507,Chordata,chordates,1,""
32507,Actinopterygii,bony fishes and tetrapods,1,""
32536,Chordata,chordates,1,cheetah
32536,Sarcopterygii,bony fishes and tetrapods,1,cheetah
32536,Amniota,amniotes,1,cheetah
32536,Mammalia,mammals,1,cheetah
32536,Carnivora,carnivores,1,cheetah
328815,Chordata,chordates,1,golden-collared manakin
328815,Sarcopterygii,bony fishes and tetrapods,1,golden-collared manakin
328815,Amniota,amniotes,1,golden-collared manakin
328815,Aves,birds,1,golden-collared manakin
345164,Chordata,chordates,1,Saker falcon
345164,Sarcopterygii,bony fishes and tetrapods,1,Saker falcon
345164,Amniota,amniotes,1,Saker falcon
345164,Aves,birds,1,Saker falcon
34773,Chordata,chordates,1,American shad
34773,Actinopterygii,bony fishes and tetrapods,1,American shad
34816,Chordata,chordates,1,striped sea-bass
34816,Actinopterygii,bony fishes and tetrapods,1,striped sea-bass
34839,Chordata,chordates,1,long-tailed chinchilla
34839,Sarcopterygii,bony fishes and tetrapods,1,long-tailed chinchilla
34839,Amniota,amniotes,1,long-tailed chinchilla
34839,Mammalia,mammals,1,long-tailed chinchilla
34839,Rodentia,rodents,1,long-tailed chinchilla
34884,Chordata,chordates,1,northern fur seal
34884,Sarcopterygii,bony fishes and tetrapods,1,northern fur seal
34884,Amniota,amniotes,1,northern fur seal
34884,Mammalia,mammals,1,northern fur seal
34884,Carnivora,carnivores,1,northern fur seal
34886,Chordata,chordates,1,Steller sea lion
34886,Sarcopterygii,bony fishes and tetrapods,1,Steller sea lion
34886,Amniota,amniotes,1,Steller sea lion
34886,Mammalia,mammals,1,Steller sea lion
34886,Carnivora,carnivores,1,Steller sea lion
35005,Chordata,chordates,1,Western terrestrial garter snake
35005,Sarcopterygii,bony fishes and tetrapods,1,Western terrestrial garter snake
35005,Amniota,amniotes,1,Western terrestrial garter snake
35019,Chordata,chordates,1,""
35019,Sarcopterygii,bony fishes and tetrapods,1,""
35019,Amniota,amniotes,1,""
35658,Chordata,chordates,1,southern multimammate mouse
35658,Sarcopterygii,bony fishes and tetrapods,1,southern multimammate mouse
35658,Amniota,amniotes,1,southern multimammate mouse
35658,Mammalia,mammals,1,southern multimammate mouse
35658,Rodentia,rodents,1,southern multimammate mouse
356909,Chordata,chordates,1,white-rumped snowfinch
356909,Sarcopterygii,bony fishes and tetrapods,1,white-rumped snowfinch
356909,Amniota,amniotes,1,white-rumped snowfinch
356909,Aves,birds,1,white-rumped snowfinch
36300,Chordata,chordates,1,Dalmatian pelican
36300,Sarcopterygii,bony fishes and tetrapods,1,Dalmatian pelican
36300,Amniota,amniotes,1,Dalmatian pelican
36300,Aves,birds,1,Dalmatian pelican
36723,Chordata,chordates,1,ermine
36723,Sarcopterygii,bony fishes and tetrapods,1,ermine
36723,Amniota,amniotes,1,ermine
36723,Mammalia,mammals,1,ermine
36723,Carnivora,carnivores,1,ermine
37003,Chordata,chordates,1,mangrove rivulus
37003,Actinopterygii,bony fishes and tetrapods,1,mangrove rivulus
37032,Chordata,chordates,1,meerkat
37032,Sarcopterygii,bony fishes and tetrapods,1,meerkat
37032,Amniota,amniotes,1,meerkat
37032,Mammalia,mammals,1,meerkat
37032,Carnivora,carnivores,1,meerkat
37040,Chordata,chordates,1,red-throated loon
37040,Sarcopterygii,bony fishes and tetrapods,1,red-throated loon
37040,Amniota,amniotes,1,red-throated loon
37040,Aves,birds,1,red-throated loon
37293,Chordata,chordates,1,Ma's night monkey
37293,Sarcopterygii,bony fishes and tetrapods,1,Ma's night monkey
37293,Amniota,amniotes,1,Ma's night monkey
37293,Mammalia,mammals,1,Ma's night monkey
37293,Primates,primates,1,Ma's night monkey
379532,Chordata,chordates,1,Coquerel's sifaka
379532,Sarcopterygii,bony fishes and tetrapods,1,Coquerel's sifaka
379532,Amniota,amniotes,1,Coquerel's sifaka
379532,Mammalia,mammals,1,Coquerel's sifaka
379532,Primates,primates,1,Coquerel's sifaka
381198,Chordata,chordates,1,""
381198,Sarcopterygii,bony fishes and tetrapods,1,""
381198,Amniota,amniotes,1,""
381198,Aves,birds,1,""
38626,Chordata,chordates,1,koala
38626,Sarcopterygii,bony fishes and tetrapods,1,koala
38626,Amniota,amniotes,1,koala
38626,Mammalia,mammals,1,koala
38626,Diprotodontia,marsupials,1,koala
38654,Chordata,chordates,1,Chinese alligator
38654,Sarcopterygii,bony fishes and tetrapods,1,Chinese alligator
38654,Amniota,amniotes,1,Chinese alligator
386614,Chordata,chordates,1,thorny skate
38674,Chordata,chordates,1,southern grasshopper mouse
38674,Sarcopterygii,bony fishes and tetrapods,1,southern grasshopper mouse
38674,Amniota,amniotes,1,southern grasshopper mouse
38674,Mammalia,mammals,1,southern grasshopper mouse
38674,Rodentia,rodents,1,southern grasshopper mouse
390379,Chordata,chordates,1,""
390379,Actinopterygii,bony fishes and tetrapods,1,""
391180,Chordata,chordates,1,""
391180,Sarcopterygii,bony fishes and tetrapods,1,""
391180,Amniota,amniotes,1,""
391180,Mammalia,mammals,1,""
391180,Carnivora,carnivores,1,""
40151,Chordata,chordates,1,narwhal
40151,Sarcopterygii,bony fishes and tetrapods,1,narwhal
40151,Amniota,amniotes,1,narwhal
40151,Mammalia,mammals,1,narwhal
40151,Artiodactyla,even-toed ungulates,1,narwhal
40151,Cetacea,whales and dolphins,1,narwhal
40690,Chordata,chordates,1,emerald rockcod
40690,Actinopterygii,bony fishes and tetrapods,1,emerald rockcod
409849,Chordata,chordates,1,""
409849,Actinopterygii,bony fishes and tetrapods,1,""
41447,Chordata,chordates,1,greater amberjack
41447,Actinopterygii,bony fishes and tetrapods,1,greater amberjack
415028,Chordata,chordates,1,White-ruffed manakin
415028,Sarcopterygii,bony fishes and tetrapods,1,White-ruffed manakin
415028,Amniota,amniotes,1,White-ruffed manakin
415028,Aves,birds,1,White-ruffed manakin
417921,Chordata,chordates,1,Arkansas darter
417921,Actinopterygii,bony fishes and tetrapods,1,Arkansas darter
419612,Chordata,chordates,1,Wild Bactrian camel
419612,Sarcopterygii,bony fishes and tetrapods,1,Wild Bactrian camel
419612,Amniota,amniotes,1,Wild Bactrian camel
419612,Mammalia,mammals,1,Wild Bactrian camel
419612,Artiodactyla,even-toed ungulates,1,Wild Bactrian camel
42100,Chordata,chordates,1,vaquita
42100,Sarcopterygii,bony fishes and tetrapods,1,vaquita
42100,Amniota,amniotes,1,vaquita
42100,Mammalia,mammals,1,vaquita
42100,Artiodactyla,even-toed ungulates,1,vaquita
42100,Cetacea,whales and dolphins,1,vaquita
42254,Chordata,chordates,1,European shrew
42254,Sarcopterygii,bony fishes and tetrapods,1,European shrew
42254,Amniota,amniotes,1,European shrew
42254,Mammalia,mammals,1,European shrew
42514,Chordata,chordates,1,red-bellied piranha
42514,Actinopterygii,bony fishes and tetrapods,1,red-bellied piranha
42526,Chordata,chordates,1,tambaqui
42526,Actinopterygii,bony fishes and tetrapods,1,tambaqui
43179,Chordata,chordates,1,thirteen-lined ground squirrel
43179,Sarcopterygii,bony fishes and tetrapods,1,thirteen-lined ground squirrel
43179,Amniota,amniotes,1,thirteen-lined ground squirrel
43179,Mammalia,mammals,1,thirteen-lined ground squirrel
43179,Rodentia,rodents,1,thirteen-lined ground squirrel
433405,Chordata,chordates,1,wolf-eel
433405,Actinopterygii,bony fishes and tetrapods,1,wolf-eel
43346,Chordata,chordates,1,""
43346,Sarcopterygii,bony fishes and tetrapods,1,""
43346,Amniota,amniotes,1,""
43346,Mammalia,mammals,1,""
43346,Artiodactyla,even-toed ungulates,1,""
43689,Chordata,chordates,1,""
43689,Actinopterygii,bony fishes and tetrapods,1,""
43700,Chordata,chordates,1,swamp eel
43700,Actinopterygii,bony fishes and tetrapods,1,swamp eel
441366,Chordata,chordates,1,blunt-snouted clingfish
441366,Actinopterygii,bony fishes and tetrapods,1,blunt-snouted clingfish
441894,Chordata,chordates,1,""
441894,Sarcopterygii,bony fishes and tetrapods,1,""
441894,Amniota,amniotes,1,""
441894,Aves,birds,1,""
44394,Chordata,chordates,1,white-throated sparrow
44394,Sarcopterygii,bony fishes and tetrapods,1,white-throated sparrow
44394,Amniota,amniotes,1,white-throated sparrow
44394,Aves,birds,1,white-throated sparrow
451745,Chordata,chordates,1,Rio pearlfish
451745,Actinopterygii,bony fishes and tetrapods,1,Rio pearlfish
47969,Chordata,chordates,1,""
47969,Actinopterygii,bony fishes and tetrapods,1,""
48698,Chordata,chordates,1,Amazon molly
48698,Actinopterygii,bony fishes and tetrapods,1,Amazon molly
48699,Chordata,chordates,1,sailfin molly
48699,Actinopterygii,bony fishes and tetrapods,1,sailfin molly
48701,Chordata,chordates,1,""
48701,Actinopterygii,bony fishes and tetrapods,1,""
48883,Chordata,chordates,1,medium ground-finch
48883,Sarcopterygii,bony fishes and tetrapods,1,medium ground-finch
48883,Amniota,amniotes,1,medium ground-finch
48883,Aves,birds,1,medium ground-finch
491861,Chordata,chordates,1,""
491861,Sarcopterygii,bony fishes and tetrapods,1,""
491861,Amniota,amniotes,1,""
491861,Mammalia,mammals,1,""
491861,Rodentia,rodents,1,""
494514,Chordata,chordates,1,Arctic fox
494514,Sarcopterygii,bony fishes and tetrapods,1,Arctic fox
494514,Amniota,amniotes,1,Arctic fox
494514,Mammalia,mammals,1,Arctic fox
494514,Carnivora,carnivores,1,Arctic fox
50402,Chordata,chordates,1,killdeer
50402,Sarcopterygii,bony fishes and tetrapods,1,killdeer
50402,Amniota,amniotes,1,killdeer
50402,Aves,birds,1,killdeer
50954,Chordata,chordates,1,Iberian mole
50954,Sarcopterygii,bony fishes and tetrapods,1,Iberian mole
50954,Amniota,amniotes,1,Iberian mole
50954,Mammalia,mammals,1,Iberian mole
51298,Chordata,chordates,1,""
51298,Sarcopterygii,bony fishes and tetrapods,1,""
51298,Amniota,amniotes,1,""
51298,Mammalia,mammals,1,""
51298,Chiroptera,bats,1,""
51337,Chordata,chordates,1,lesser Egyptian jerboa
51337,Sarcopterygii,bony fishes and tetrapods,1,lesser Egyptian jerboa
51337,Amniota,amniotes,1,lesser Egyptian jerboa
51337,Mammalia,mammals,1,lesser Egyptian jerboa
51337,Rodentia,rodents,1,lesser Egyptian jerboa
52239,Chordata,chordates,1,South Georgia icefish
52239,Actinopterygii,bony fishes and tetrapods,1,South Georgia icefish
52644,Chordata,chordates,1,bald eagle
52644,Sarcopterygii,bony fishes and tetrapods,1,bald eagle
52644,Amniota,amniotes,1,bald eagle
52644,Aves,birds,1,bald eagle
52670,Chordata,chordates,1,""
52670,Actinopterygii,bony fishes and tetrapods,1,""
52904,Chordata,chordates,1,turbot
52904,Actinopterygii,bony fishes and tetrapods,1,turbot
54180,Chordata,chordates,1,Francois's langur
54180,Sarcopterygii,bony fishes and tetrapods,1,Francois's langur
54180,Amniota,amniotes,1,Francois's langur
54180,Mammalia,mammals,1,Francois's langur
54180,Primates,primates,1,Francois's langur
54343,Chordata,chordates,1,orangethroat darter
54343,Actinopterygii,bony fishes and tetrapods,1,orangethroat darter
54374,Chordata,chordates,1,brown roatelo
54374,Sarcopterygii,bony fishes and tetrapods,1,brown roatelo
54374,Amniota,amniotes,1,brown roatelo
54374,Aves,birds,1,brown roatelo
54380,Chordata,chordates,1,Red-legged seriema
54380,Sarcopterygii,bony fishes and tetrapods,1,Red-legged seriema
54380,Amniota,amniotes,1,Red-legged seriema
54380,Aves,birds,1,Red-legged seriema
54383,Chordata,chordates,1,sunbittern
54383,Sarcopterygii,bony fishes and tetrapods,1,sunbittern
54383,Amniota,amniotes,1,sunbittern
54383,Aves,birds,1,sunbittern
55291,Chordata,chordates,1,gray bichir
55291,Actinopterygii,bony fishes and tetrapods,1,gray bichir
55661,Chordata,chordates,1,common cuckoo
55661,Sarcopterygii,bony fishes and tetrapods,1,common cuckoo
55661,Amniota,amniotes,1,common cuckoo
55661,Aves,birds,1,common cuckoo
56313,Chordata,chordates,1,Barn owl
56313,Sarcopterygii,bony fishes and tetrapods,1,Barn owl
56313,Amniota,amniotes,1,Barn owl
56313,Aves,birds,1,Barn owl
56716,Chordata,chordates,1,""
56716,Actinopterygii,bony fishes and tetrapods,1,""
56723,Chordata,chordates,1,ballan wrasse
56723,Actinopterygii,bony fishes and tetrapods,1,ballan wrasse
57068,Chordata,chordates,1,rifleman
57068,Sarcopterygii,bony fishes and tetrapods,1,rifleman
57068,Amniota,amniotes,1,rifleman
57068,Aves,birds,1,rifleman
57397,Chordata,chordates,1,bar-tailed trogon
57397,Sarcopterygii,bony fishes and tetrapods,1,bar-tailed trogon
57397,Amniota,amniotes,1,bar-tailed trogon
57397,Aves,birds,1,bar-tailed trogon
57412,Chordata,chordates,1,speckled mousebird
57412,Sarcopterygii,bony fishes and tetrapods,1,speckled mousebird
57412,Amniota,amniotes,1,speckled mousebird
57412,Aves,birds,1,speckled mousebird
57421,Chordata,chordates,1,carmine bee-eater
57421,Sarcopterygii,bony fishes and tetrapods,1,carmine bee-eater
57421,Amniota,amniotes,1,carmine bee-eater
57421,Aves,birds,1,carmine bee-eater
586833,Chordata,chordates,1,pinecone soldierfish
586833,Actinopterygii,bony fishes and tetrapods,1,pinecone soldierfish
591936,Chordata,chordates,1,Ugandan red Colobus
591936,Sarcopterygii,bony fishes and tetrapods,1,Ugandan red Colobus
591936,Amniota,amniotes,1,Ugandan red Colobus
591936,Mammalia,mammals,1,Ugandan red Colobus
591936,Primates,primates,1,Ugandan red Colobus
59463,Chordata,chordates,1,little brown bat
59463,Sarcopterygii,bony fishes and tetrapods,1,little brown bat
59463,Amniota,amniotes,1,little brown bat
59463,Mammalia,mammals,1,little brown bat
59463,Chiroptera,bats,1,little brown bat
59472,Chordata,chordates,1,Kuhl's pipistrelle
59472,Sarcopterygii,bony fishes and tetrapods,1,Kuhl's pipistrelle
59472,Amniota,amniotes,1,Kuhl's pipistrelle
59472,Mammalia,mammals,1,Kuhl's pipistrelle
59472,Chiroptera,bats,1,Kuhl's pipistrelle
59479,Chordata,chordates,1,greater horseshoe bat
59479,Sarcopterygii,bony fishes and tetrapods,1,greater horseshoe bat
59479,Amniota,amniotes,1,greater horseshoe bat
59479,Mammalia,mammals,1,greater horseshoe bat
59479,Chiroptera,bats,1,greater horseshoe bat
59534,Chordata,chordates,1,scimitar-horned oryx
59534,Sarcopterygii,bony fishes and tetrapods,1,scimitar-horned oryx
59534,Amniota,amniotes,1,scimitar-horned oryx
59534,Mammalia,mammals,1,scimitar-horned oryx
59534,Artiodactyla,even-toed ungulates,1,scimitar-horned oryx
59729,Chordata,chordates,1,zebra finch
59729,Sarcopterygii,bony fishes and tetrapods,1,zebra finch
59729,Amniota,amniotes,1,zebra finch
59729,Aves,birds,1,zebra finch
59894,Chordata,chordates,1,Collared flycatcher
59894,Sarcopterygii,bony fishes and tetrapods,1,Collared flycatcher
59894,Amniota,amniotes,1,Collared flycatcher
59894,Aves,birds,1,Collared flycatcher
60711,Chordata,chordates,1,green monkey
60711,Sarcopterygii,bony fishes and tetrapods,1,green monkey
60711,Amniota,amniotes,1,green monkey
60711,Mammalia,mammals,1,green monkey
60711,Primates,primates,1,green monkey
61156,Chordata,chordates,1,African grass rat
61156,Sarcopterygii,bony fishes and tetrapods,1,African grass rat
61156,Amniota,amniotes,1,African grass rat
61156,Mammalia,mammals,1,African grass rat
61156,Rodentia,rodents,1,African grass rat
61383,Chordata,chordates,1,Canada lynx
61383,Sarcopterygii,bony fishes and tetrapods,1,Canada lynx
61383,Amniota,amniotes,1,Canada lynx
61383,Mammalia,mammals,1,Canada lynx
61383,Carnivora,carnivores,1,Canada lynx
61621,Chordata,chordates,1,black snub-nosed monkey
61621,Sarcopterygii,bony fishes and tetrapods,1,black snub-nosed monkey
61621,Amniota,amniotes,1,black snub-nosed monkey
61621,Mammalia,mammals,1,black snub-nosed monkey
61621,Primates,primates,1,black snub-nosed monkey
61622,Chordata,chordates,1,golden snub-nosed monkey
61622,Sarcopterygii,bony fishes and tetrapods,1,golden snub-nosed monkey
61622,Amniota,amniotes,1,golden snub-nosed monkey
61622,Mammalia,mammals,1,golden snub-nosed monkey
61622,Primates,primates,1,golden snub-nosed monkey
61853,Chordata,chordates,1,northern white-cheeked gibbon
61853,Sarcopterygii,bony fishes and tetrapods,1,northern white-cheeked gibbon
61853,Amniota,amniotes,1,northern white-cheeked gibbon
61853,Mammalia,mammals,1,northern white-cheeked gibbon
61853,Primates,primates,1,northern white-cheeked gibbon
63155,Chordata,chordates,1,flier cichlid
63155,Actinopterygii,bony fishes and tetrapods,1,flier cichlid
64144,Chordata,chordates,1,climbing perch
64144,Actinopterygii,bony fishes and tetrapods,1,climbing perch
649802,Chordata,chordates,1,Wire-tailed manakin
649802,Sarcopterygii,bony fishes and tetrapods,1,Wire-tailed manakin
649802,Amniota,amniotes,1,Wire-tailed manakin
649802,Aves,birds,1,Wire-tailed manakin
68294,Chordata,chordates,1,Mariana crow
68294,Sarcopterygii,bony fishes and tetrapods,1,Mariana crow
68294,Amniota,amniotes,1,Mariana crow
68294,Aves,birds,1,Mariana crow
69293,Chordata,chordates,1,three-spined stickleback
69293,Actinopterygii,bony fishes and tetrapods,1,three-spined stickleback
72004,Chordata,chordates,1,wild yak
72004,Sarcopterygii,bony fishes and tetrapods,1,wild yak
72004,Amniota,amniotes,1,wild yak
72004,Mammalia,mammals,1,wild yak
72004,Artiodactyla,even-toed ungulates,1,wild yak
72105,Chordata,chordates,1,honeycomb rockfish
72105,Actinopterygii,bony fishes and tetrapods,1,honeycomb rockfish
73337,Chordata,chordates,1,southern white rhinoceros
73337,Sarcopterygii,bony fishes and tetrapods,1,southern white rhinoceros
73337,Amniota,amniotes,1,southern white rhinoceros
73337,Mammalia,mammals,1,southern white rhinoceros
74940,Chordata,chordates,1,Chinook salmon
74940,Actinopterygii,bony fishes and tetrapods,1,Chinook salmon
76717,Chordata,chordates,1,Northern American river otter
76717,Sarcopterygii,bony fishes and tetrapods,1,Northern American river otter
76717,Amniota,amniotes,1,Northern American river otter
76717,Mammalia,mammals,1,Northern American river otter
76717,Carnivora,carnivores,1,Northern American river otter
77115,Chordata,chordates,1,""
77115,Actinopterygii,bony fishes and tetrapods,1,""
7757,Chordata,chordates,1,sea lamprey
7830,Chordata,chordates,1,smaller spotted catshark
7868,Chordata,chordates,1,elephant shark
7897,Chordata,chordates,1,coelacanth
7897,Sarcopterygii,bony fishes and tetrapods,1,coelacanth
7906,Chordata,chordates,1,sterlet
7906,Actinopterygii,bony fishes and tetrapods,1,sterlet
7913,Chordata,chordates,1,Mississippi paddlefish
7913,Actinopterygii,bony fishes and tetrapods,1,Mississippi paddlefish
7918,Chordata,chordates,1,spotted gar
7918,Actinopterygii,bony fishes and tetrapods,1,spotted gar
7936,Chordata,chordates,1,European eel
7936,Actinopterygii,bony fishes and tetrapods,1,European eel
7950,Chordata,chordates,1,Atlantic herring
7950,Actinopterygii,bony fishes and tetrapods,1,Atlantic herring
7955,Chordata,chordates,1,zebrafish
7955,Actinopterygii,bony fishes and tetrapods,1,zebrafish
7957,Chordata,chordates,1,goldfish
7957,Actinopterygii,bony fishes and tetrapods,1,goldfish
79684,Chordata,chordates,1,prairie vole
79684,Sarcopterygii,bony fishes and tetrapods,1,prairie vole
79684,Amniota,amniotes,1,prairie vole
79684,Mammalia,mammals,1,prairie vole
79684,Rodentia,rodents,1,prairie vole
7994,Chordata,chordates,1,Mexican tetra
7994,Actinopterygii,bony fishes and tetrapods,1,Mexican tetra
7998,Chordata,chordates,1,channel catfish
7998,Actinopterygii,bony fishes and tetrapods,1,channel catfish
8005,Chordata,chordates,1,electric eel
8005,Actinopterygii,bony fishes and tetrapods,1,electric eel
8010,Chordata,chordates,1,northern pike
8010,Actinopterygii,bony fishes and tetrapods,1,northern pike
8030,Chordata,chordates,1,Atlantic salmon
8030,Actinopterygii,bony fishes and tetrapods,1,Atlantic salmon
8036,Chordata,chordates,1,Arctic char
8036,Actinopterygii,bony fishes and tetrapods,1,Arctic char
8040,Chordata,chordates,1,lake trout
8040,Actinopterygii,bony fishes and tetrapods,1,lake trout
8049,Chordata,chordates,1,Atlantic cod
8049,Actinopterygii,bony fishes and tetrapods,1,Atlantic cod
8078,Chordata,chordates,1,mummichog
8078,Actinopterygii,bony fishes and tetrapods,1,mummichog
8081,Chordata,chordates,1,guppy
8081,Actinopterygii,bony fishes and tetrapods,1,guppy
8083,Chordata,chordates,1,southern platyfish
8083,Actinopterygii,bony fishes and tetrapods,1,southern platyfish
8084,Chordata,chordates,1,green swordtail
8084,Actinopterygii,bony fishes and tetrapods,1,green swordtail
80966,Chordata,chordates,1,spiny chromis
80966,Actinopterygii,bony fishes and tetrapods,1,spiny chromis
80972,Chordata,chordates,1,clown anemonefish
80972,Actinopterygii,bony fishes and tetrapods,1,clown anemonefish
8103,Chordata,chordates,1,lumpfish
8103,Actinopterygii,bony fishes and tetrapods,1,lumpfish
8128,Chordata,chordates,1,Nile tilapia
8128,Actinopterygii,bony fishes and tetrapods,1,Nile tilapia
8153,Chordata,chordates,1,Burton's mouthbrooder
8153,Actinopterygii,bony fishes and tetrapods,1,Burton's mouthbrooder
8154,Chordata,chordates,1,eastern happy
8154,Actinopterygii,bony fishes and tetrapods,1,eastern happy
81572,Chordata,chordates,1,silvery gibbon
81572,Sarcopterygii,bony fishes and tetrapods,1,silvery gibbon
81572,Amniota,amniotes,1,silvery gibbon
81572,Mammalia,mammals,1,silvery gibbon
81572,Primates,primates,1,silvery gibbon
8167,Chordata,chordates,1,yellow perch
8167,Actinopterygii,bony fishes and tetrapods,1,yellow perch
8168,Chordata,chordates,1,European perch
8168,Actinopterygii,bony fishes and tetrapods,1,European perch
8175,Chordata,chordates,1,gilthead seabream
8175,Actinopterygii,bony fishes and tetrapods,1,gilthead seabream
8177,Chordata,chordates,1,yellowfin seabream
8177,Actinopterygii,bony fishes and tetrapods,1,yellowfin seabream
8187,Chordata,chordates,1,barramundi perch
8187,Actinopterygii,bony fishes and tetrapods,1,barramundi perch
8208,Chordata,chordates,1,black rockcod
8208,Actinopterygii,bony fishes and tetrapods,1,black rockcod
8218,Chordata,chordates,1,""
8218,Actinopterygii,bony fishes and tetrapods,1,""
8240,Chordata,chordates,1,southern bluefin tuna
8240,Actinopterygii,bony fishes and tetrapods,1,southern bluefin tuna
8245,Chordata,chordates,1,swordfish
8245,Actinopterygii,bony fishes and tetrapods,1,swordfish
8255,Chordata,chordates,1,Japanese flounder
8255,Actinopterygii,bony fishes and tetrapods,1,Japanese flounder
8267,Chordata,chordates,1,Atlantic halibut
8267,Actinopterygii,bony fishes and tetrapods,1,Atlantic halibut
8364,Chordata,chordates,1,tropical clawed frog
8364,Sarcopterygii,bony fishes and tetrapods,1,tropical clawed frog
8364,Amphibia,amphibians,1,tropical clawed frog
8384,Chordata,chordates,1,common toad
8384,Sarcopterygii,bony fishes and tetrapods,1,common toad
8384,Amphibia,amphibians,1,common toad
8407,Chordata,chordates,1,common frog
8407,Sarcopterygii,bony fishes and tetrapods,1,common frog
8407,Amphibia,amphibians,1,common frog
8479,Chordata,chordates,1,Painted turtle
8479,Sarcopterygii,bony fishes and tetrapods,1,Painted turtle
8479,Amniota,amniotes,1,Painted turtle
84834,Chordata,chordates,1,""
84834,Sarcopterygii,bony fishes and tetrapods,1,""
84834,Amniota,amniotes,1,""
84834,Aves,birds,1,""
8496,Chordata,chordates,1,American alligator
8496,Sarcopterygii,bony fishes and tetrapods,1,American alligator
8496,Amniota,amniotes,1,American alligator
8502,Chordata,chordates,1,Australian saltwater crocodile
8502,Sarcopterygii,bony fishes and tetrapods,1,Australian saltwater crocodile
8502,Amniota,amniotes,1,Australian saltwater crocodile
85066,Chordata,chordates,1,American crow
85066,Sarcopterygii,bony fishes and tetrapods,1,American crow
85066,Amniota,amniotes,1,American crow
85066,Aves,birds,1,American crow
8520,Chordata,chordates,1,fence lizard
8520,Sarcopterygii,bony fishes and tetrapods,1,fence lizard
8520,Amniota,amniotes,1,fence lizard
8524,Chordata,chordates,1,common lizard
8524,Sarcopterygii,bony fishes and tetrapods,1,common lizard
8524,Amniota,amniotes,1,common lizard
8663,Chordata,chordates,1,mainland tiger snake
8663,Sarcopterygii,bony fishes and tetrapods,1,mainland tiger snake
8663,Amniota,amniotes,1,mainland tiger snake
87175,Chordata,chordates,1,""
87175,Sarcopterygii,bony fishes and tetrapods,1,""
87175,Amniota,amniotes,1,""
87175,Aves,birds,1,""
8790,Chordata,chordates,1,emu
8790,Sarcopterygii,bony fishes and tetrapods,1,emu
8790,Amniota,amniotes,1,emu
8790,Aves,birds,1,emu
88082,Chordata,chordates,1,Tiger rattlesnake
88082,Sarcopterygii,bony fishes and tetrapods,1,Tiger rattlesnake
88082,Amniota,amniotes,1,Tiger rattlesnake
8839,Chordata,chordates,1,mallard
8839,Sarcopterygii,bony fishes and tetrapods,1,mallard
8839,Amniota,amniotes,1,mallard
8839,Aves,birds,1,mallard
885580,Chordata,chordates,1,Damara mole-rat
885580,Sarcopterygii,bony fishes and tetrapods,1,Damara mole-rat
885580,Amniota,amniotes,1,Damara mole-rat
885580,Mammalia,mammals,1,Damara mole-rat
885580,Rodentia,rodents,1,Damara mole-rat
8868,Chordata,chordates,1,black swan
8868,Sarcopterygii,bony fishes and tetrapods,1,black swan
8868,Amniota,amniotes,1,black swan
8868,Aves,birds,1,black swan
8869,Chordata,chordates,1,mute swan
8869,Sarcopterygii,bony fishes and tetrapods,1,mute swan
8869,Amniota,amniotes,1,mute swan
8869,Aves,birds,1,mute swan
8884,Chordata,chordates,1,ruddy duck
8884,Sarcopterygii,bony fishes and tetrapods,1,ruddy duck
8884,Amniota,amniotes,1,ruddy duck
8884,Aves,birds,1,ruddy duck
8897,Chordata,chordates,1,chimney swift
8897,Sarcopterygii,bony fishes and tetrapods,1,chimney swift
8897,Amniota,amniotes,1,chimney swift
8897,Aves,birds,1,chimney swift
8932,Chordata,chordates,1,rock pigeon
8932,Sarcopterygii,bony fishes and tetrapods,1,rock pigeon
8932,Amniota,amniotes,1,rock pigeon
8932,Aves,birds,1,rock pigeon
89462,Chordata,chordates,1,water buffalo
89462,Sarcopterygii,bony fishes and tetrapods,1,water buffalo
89462,Amniota,amniotes,1,water buffalo
89462,Mammalia,mammals,1,water buffalo
89462,Artiodactyla,even-toed ungulates,1,water buffalo
8954,Chordata,chordates,1,peregrine falcon
8954,Sarcopterygii,bony fishes and tetrapods,1,peregrine falcon
8954,Amniota,amniotes,1,peregrine falcon
8954,Aves,birds,1,peregrine falcon
89673,Chordata,chordates,1,pale spear-nosed bat
89673,Sarcopterygii,bony fishes and tetrapods,1,pale spear-nosed bat
89673,Amniota,amniotes,1,pale spear-nosed bat
89673,Mammalia,mammals,1,pale spear-nosed bat
89673,Chiroptera,bats,1,pale spear-nosed bat
8969,Chordata,chordates,1,white-tailed eagle
8969,Sarcopterygii,bony fishes and tetrapods,1,white-tailed eagle
8969,Amniota,amniotes,1,white-tailed eagle
8969,Aves,birds,1,white-tailed eagle
8996,Chordata,chordates,1,helmeted guineafowl
8996,Sarcopterygii,bony fishes and tetrapods,1,helmeted guineafowl
8996,Amniota,amniotes,1,helmeted guineafowl
8996,Aves,birds,1,helmeted guineafowl
90247,Chordata,chordates,1,Pacific white-sided dolphin
90247,Sarcopterygii,bony fishes and tetrapods,1,Pacific white-sided dolphin
90247,Amniota,amniotes,1,Pacific white-sided dolphin
90247,Mammalia,mammals,1,Pacific white-sided dolphin
90247,Artiodactyla,even-toed ungulates,1,Pacific white-sided dolphin
90247,Cetacea,whales and dolphins,1,Pacific white-sided dolphin
9031,Chordata,chordates,1,chicken
9031,Sarcopterygii,bony fishes and tetrapods,1,chicken
9031,Amniota,amniotes,1,chicken
9031,Aves,birds,1,chicken
9054,Chordata,chordates,1,Ring-necked pheasant
9054,Sarcopterygii,bony fishes and tetrapods,1,Ring-necked pheasant
9054,Amniota,amniotes,1,Ring-necked pheasant
9054,Aves,birds,1,Ring-necked pheasant
90988,Chordata,chordates,1,fathead minnow
90988,Actinopterygii,bony fishes and tetrapods,1,fathead minnow
9103,Chordata,chordates,1,turkey
9103,Sarcopterygii,bony fishes and tetrapods,1,turkey
9103,Amniota,amniotes,1,turkey
9103,Aves,birds,1,turkey
9135,Chordata,chordates,1,Common canary
9135,Sarcopterygii,bony fishes and tetrapods,1,Common canary
9135,Amniota,amniotes,1,Common canary
9135,Aves,birds,1,Common canary
9157,Chordata,chordates,1,Great Tit
9157,Sarcopterygii,bony fishes and tetrapods,1,Great Tit
9157,Amniota,amniotes,1,Great Tit
9157,Aves,birds,1,Great Tit
9160,Chordata,chordates,1,Eurasian tree sparrow
9160,Sarcopterygii,bony fishes and tetrapods,1,Eurasian tree sparrow
9160,Amniota,amniotes,1,Eurasian tree sparrow
9160,Aves,birds,1,Eurasian tree sparrow
9172,Chordata,chordates,1,Common starling
9172,Sarcopterygii,bony fishes and tetrapods,1,Common starling
9172,Amniota,amniotes,1,Common starling
9172,Aves,birds,1,Common starling
91951,Chordata,chordates,1,Swainson's thrush
91951,Sarcopterygii,bony fishes and tetrapods,1,Swainson's thrush
91951,Amniota,amniotes,1,Swainson's thrush
91951,Aves,birds,1,Swainson's thrush
9209,Chordata,chordates,1,great cormorant
9209,Sarcopterygii,bony fishes and tetrapods,1,great cormorant
9209,Amniota,amniotes,1,great cormorant
9209,Aves,birds,1,great cormorant
9233,Chordata,chordates,1,emperor penguin
9233,Sarcopterygii,bony fishes and tetrapods,1,emperor penguin
9233,Amniota,amniotes,1,emperor penguin
9233,Aves,birds,1,emperor penguin
9238,Chordata,chordates,1,Adelie penguin
9238,Sarcopterygii,bony fishes and tetrapods,1,Adelie penguin
9238,Amniota,amniotes,1,Adelie penguin
9238,Aves,birds,1,Adelie penguin
9244,Chordata,chordates,1,Anna's hummingbird
9244,Sarcopterygii,bony fishes and tetrapods,1,Anna's hummingbird
9244,Amniota,amniotes,1,Anna's hummingbird
9244,Aves,birds,1,Anna's hummingbird
9258,Chordata,chordates,1,platypus
9258,Sarcopterygii,bony fishes and tetrapods,1,platypus
9258,Amniota,amniotes,1,platypus
9258,Mammalia,mammals,1,platypus
9261,Chordata,chordates,1,Australian echidna
9261,Sarcopterygii,bony fishes and tetrapods,1,Australian echidna
9261,Amniota,amniotes,1,Australian echidna
9261,Mammalia,mammals,1,Australian echidna
9305,Chordata,chordates,1,Tasmanian devil
9305,Sarcopterygii,bony fishes and tetrapods,1,Tasmanian devil
9305,Amniota,amniotes,1,Tasmanian devil
9305,Mammalia,mammals,1,Tasmanian devil
9305,Dasyuromorphia,marsupials,1,Tasmanian devil
93162,Chordata,chordates,1,yellow-bellied marmot
93162,Sarcopterygii,bony fishes and tetrapods,1,yellow-bellied marmot
93162,Amniota,amniotes,1,yellow-bellied marmot
93162,Mammalia,mammals,1,yellow-bellied marmot
93162,Rodentia,rodents,1,yellow-bellied marmot
932674,Chordata,chordates,1,""
932674,Sarcopterygii,bony fishes and tetrapods,1,""
932674,Amniota,amniotes,1,""
932674,Aves,birds,1,""
9337,Chordata,chordates,1,common brushtail
9337,Sarcopterygii,bony fishes and tetrapods,1,common brushtail
9337,Amniota,amniotes,1,common brushtail
9337,Mammalia,mammals,1,common brushtail
9337,Diprotodontia,marsupials,1,common brushtail
9361,Chordata,chordates,1,nine-banded armadillo
9361,Sarcopterygii,bony fishes and tetrapods,1,nine-banded armadillo
9361,Amniota,amniotes,1,nine-banded armadillo
9361,Mammalia,mammals,1,nine-banded armadillo
9365,Chordata,chordates,1,western European hedgehog
9365,Sarcopterygii,bony fishes and tetrapods,1,western European hedgehog
9365,Amniota,amniotes,1,western European hedgehog
9365,Mammalia,mammals,1,western European hedgehog
9371,Chordata,chordates,1,small Madagascar hedgehog
9371,Sarcopterygii,bony fishes and tetrapods,1,small Madagascar hedgehog
9371,Amniota,amniotes,1,small Madagascar hedgehog
9371,Mammalia,mammals,1,small Madagascar hedgehog
93934,Chordata,chordates,1,Japanese quail
93934,Sarcopterygii,bony fishes and tetrapods,1,Japanese quail
93934,Amniota,amniotes,1,Japanese quail
93934,Aves,birds,1,Japanese quail
9402,Chordata,chordates,1,black flying fox
9402,Sarcopterygii,bony fishes and tetrapods,1,black flying fox
9402,Amniota,amniotes,1,black flying fox
9402,Mammalia,mammals,1,black flying fox
9402,Chiroptera,bats,1,black flying fox
9407,Chordata,chordates,1,Egyptian rousette
9407,Sarcopterygii,bony fishes and tetrapods,1,Egyptian rousette
9407,Amniota,amniotes,1,Egyptian rousette
9407,Mammalia,mammals,1,Egyptian rousette
9407,Chiroptera,bats,1,Egyptian rousette
9417,Chordata,chordates,1,Jamaican fruit-eating bat
9417,Sarcopterygii,bony fishes and tetrapods,1,Jamaican fruit-eating bat
9417,Amniota,amniotes,1,Jamaican fruit-eating bat
9417,Mammalia,mammals,1,Jamaican fruit-eating bat
9417,Chiroptera,bats,1,Jamaican fruit-eating bat
941984,Chordata,chordates,1,banded archerfish
941984,Actinopterygii,bony fishes and tetrapods,1,banded archerfish
9430,Chordata,chordates,1,common vampire bat
9430,Sarcopterygii,bony fishes and tetrapods,1,common vampire bat
9430,Amniota,amniotes,1,common vampire bat
9430,Mammalia,mammals,1,common vampire bat
9430,Chiroptera,bats,1,common vampire bat
94827,Chordata,chordates,1,white-throated tinamou
94827,Sarcopterygii,bony fishes and tetrapods,1,white-throated tinamou
94827,Amniota,amniotes,1,white-throated tinamou
94827,Aves,birds,1,white-throated tinamou
9483,Chordata,chordates,1,white-tufted-ear marmoset
9483,Sarcopterygii,bony fishes and tetrapods,1,white-tufted-ear marmoset
9483,Amniota,amniotes,1,white-tufted-ear marmoset
9483,Mammalia,mammals,1,white-tufted-ear marmoset
9483,Primates,primates,1,white-tufted-ear marmoset
94835,Chordata,chordates,1,Gharial
94835,Sarcopterygii,bony fishes and tetrapods,1,Gharial
94835,Amniota,amniotes,1,Gharial
94885,Chordata,chordates,1,""
94885,Sarcopterygii,bony fishes and tetrapods,1,""
94885,Amniota,amniotes,1,""
9515,Chordata,chordates,1,tufted capuchin
9515,Sarcopterygii,bony fishes and tetrapods,1,tufted capuchin
9515,Amniota,amniotes,1,tufted capuchin
9515,Mammalia,mammals,1,tufted capuchin
9515,Primates,primates,1,tufted capuchin
9531,Chordata,chordates,1,sooty mangabey
9531,Sarcopterygii,bony fishes and tetrapods,1,sooty mangabey
9531,Amniota,amniotes,1,sooty mangabey
9531,Mammalia,mammals,1,sooty mangabey
9531,Primates,primates,1,sooty mangabey
9541,Chordata,chordates,1,crab-eating macaque
9541,Sarcopterygii,bony fishes and tetrapods,1,crab-eating macaque
9541,Amniota,amniotes,1,crab-eating macaque
9541,Mammalia,mammals,1,crab-eating macaque
9541,Primates,primates,1,crab-eating macaque
9544,Chordata,chordates,1,Rhesus monkey
9544,Sarcopterygii,bony fishes and tetrapods,1,Rhesus monkey
9544,Amniota,amniotes,1,Rhesus monkey
9544,Mammalia,mammals,1,Rhesus monkey
9544,Primates,primates,1,Rhesus monkey
9545,Chordata,chordates,1,pig-tailed macaque
9545,Sarcopterygii,bony fishes and tetrapods,1,pig-tailed macaque
9545,Amniota,amniotes,1,pig-tailed macaque
9545,Mammalia,mammals,1,pig-tailed macaque
9545,Primates,primates,1,pig-tailed macaque
9555,Chordata,chordates,1,olive baboon
9555,Sarcopterygii,bony fishes and tetrapods,1,olive baboon
9555,Amniota,amniotes,1,olive baboon
9555,Mammalia,mammals,1,olive baboon
9555,Primates,primates,1,olive baboon
9565,Chordata,chordates,1,gelada
9565,Sarcopterygii,bony fishes and tetrapods,1,gelada
9565,Amniota,amniotes,1,gelada
9565,Mammalia,mammals,1,gelada
9565,Primates,primates,1,gelada
9568,Chordata,chordates,1,drill
9568,Sarcopterygii,bony fishes and tetrapods,1,drill
9568,Amniota,amniotes,1,drill
9568,Mammalia,mammals,1,drill
9568,Primates,primates,1,drill
95912,Chordata,chordates,1,striped hyena
95912,Sarcopterygii,bony fishes and tetrapods,1,striped hyena
95912,Amniota,amniotes,1,striped hyena
95912,Mammalia,mammals,1,striped hyena
95912,Carnivora,carnivores,1,striped hyena
9593,Chordata,chordates,1,western gorilla
9593,Sarcopterygii,bony fishes and tetrapods,1,western gorilla
9593,Amniota,amniotes,1,western gorilla
9593,Mammalia,mammals,1,western gorilla
9593,Primates,primates,1,western gorilla
9597,Chordata,chordates,1,pygmy chimpanzee
9597,Sarcopterygii,bony fishes and tetrapods,1,pygmy chimpanzee
9597,Amniota,amniotes,1,pygmy chimpanzee
9597,Mammalia,mammals,1,pygmy chimpanzee
9597,Primates,primates,1,pygmy chimpanzee
9598,Chordata,chordates,1,chimpanzee
9598,Sarcopterygii,bony fishes and tetrapods,1,chimpanzee
9598,Amniota,amniotes,1,chimpanzee
9598,Mammalia,mammals,1,chimpanzee
9598,Primates,primates,1,chimpanzee
9601,Chordata,chordates,1,Sumatran orangutan
9601,Sarcopterygii,bony fishes and tetrapods,1,Sumatran orangutan
9601,Amniota,amniotes,1,Sumatran orangutan
9601,Mammalia,mammals,1,Sumatran orangutan
9601,Primates,primates,1,Sumatran orangutan
9606,Chordata,chordates,1,human
9606,Sarcopterygii,bony fishes and tetrapods,1,human
9606,Amniota,amniotes,1,human
9606,Mammalia,mammals,1,human
9606,Primates,primates,1,human
9615,Chordata,chordates,1,dog
9615,Sarcopterygii,bony fishes and tetrapods,1,dog
9615,Amniota,amniotes,1,dog
9615,Mammalia,mammals,1,dog
9615,Carnivora,carnivores,1,dog
9627,Chordata,chordates,1,red fox
9627,Sarcopterygii,bony fishes and tetrapods,1,red fox
9627,Amniota,amniotes,1,red fox
9627,Mammalia,mammals,1,red fox
9627,Carnivora,carnivores,1,red fox
9646,Chordata,chordates,1,giant panda
9646,Sarcopterygii,bony fishes and tetrapods,1,giant panda
9646,Amniota,amniotes,1,giant panda
9646,Mammalia,mammals,1,giant panda
9646,Carnivora,carnivores,1,giant panda
9669,Chordata,chordates,1,domestic ferret
9669,Sarcopterygii,bony fishes and tetrapods,1,domestic ferret
9669,Amniota,amniotes,1,domestic ferret
9669,Mammalia,mammals,1,domestic ferret
9669,Carnivora,carnivores,1,domestic ferret
9685,Chordata,chordates,1,domestic cat
9685,Sarcopterygii,bony fishes and tetrapods,1,domestic cat
9685,Amniota,amniotes,1,domestic cat
9685,Mammalia,mammals,1,domestic cat
9685,Carnivora,carnivores,1,domestic cat
9691,Chordata,chordates,1,leopard
9691,Sarcopterygii,bony fishes and tetrapods,1,leopard
9691,Amniota,amniotes,1,leopard
9691,Mammalia,mammals,1,leopard
9691,Carnivora,carnivores,1,leopard
9694,Chordata,chordates,1,tiger
9694,Sarcopterygii,bony fishes and tetrapods,1,tiger
9694,Amniota,amniotes,1,tiger
9694,Mammalia,mammals,1,tiger
9694,Carnivora,carnivores,1,tiger
9696,Chordata,chordates,1,puma
9696,Sarcopterygii,bony fishes and tetrapods,1,puma
9696,Amniota,amniotes,1,puma
9696,Mammalia,mammals,1,puma
9696,Carnivora,carnivores,1,puma
9704,Chordata,chordates,1,California sea lion
9704,Sarcopterygii,bony fishes and tetrapods,1,California sea lion
9704,Amniota,amniotes,1,California sea lion
9704,Mammalia,mammals,1,California sea lion
9704,Carnivora,carnivores,1,California sea lion
9708,Chordata,chordates,1,Pacific walrus
9708,Sarcopterygii,bony fishes and tetrapods,1,Pacific walrus
9708,Amniota,amniotes,1,Pacific walrus
9708,Mammalia,mammals,1,Pacific walrus
9708,Carnivora,carnivores,1,Pacific walrus
97097,Chordata,chordates,1,White-tailed tropicbird
97097,Sarcopterygii,bony fishes and tetrapods,1,White-tailed tropicbird
97097,Amniota,amniotes,1,White-tailed tropicbird
97097,Aves,birds,1,White-tailed tropicbird
9711,Chordata,chordates,1,gray seal
9711,Sarcopterygii,bony fishes and tetrapods,1,gray seal
9711,Amniota,amniotes,1,gray seal
9711,Mammalia,mammals,1,gray seal
9711,Carnivora,carnivores,1,gray seal
9713,Chordata,chordates,1,Weddell seal
9713,Sarcopterygii,bony fishes and tetrapods,1,Weddell seal
9713,Amniota,amniotes,1,Weddell seal
9713,Mammalia,mammals,1,Weddell seal
9713,Carnivora,carnivores,1,Weddell seal
9715,Chordata,chordates,1,Southern elephant seal
9715,Sarcopterygii,bony fishes and tetrapods,1,Southern elephant seal
9715,Amniota,amniotes,1,Southern elephant seal
9715,Mammalia,mammals,1,Southern elephant seal
9715,Carnivora,carnivores,1,Southern elephant seal
9720,Chordata,chordates,1,harbor seal
9720,Sarcopterygii,bony fishes and tetrapods,1,harbor seal
9720,Amniota,amniotes,1,harbor seal
9720,Mammalia,mammals,1,harbor seal
9720,Carnivora,carnivores,1,harbor seal
9731,Chordata,chordates,1,long-finned pilot whale
9731,Sarcopterygii,bony fishes and tetrapods,1,long-finned pilot whale
9731,Amniota,amniotes,1,long-finned pilot whale
9731,Mammalia,mammals,1,long-finned pilot whale
9731,Artiodactyla,even-toed ungulates,1,long-finned pilot whale
9731,Cetacea,whales and dolphins,1,long-finned pilot whale
9733,Chordata,chordates,1,killer whale
9733,Sarcopterygii,bony fishes and tetrapods,1,killer whale
9733,Amniota,amniotes,1,killer whale
9733,Mammalia,mammals,1,killer whale
9733,Artiodactyla,even-toed ungulates,1,killer whale
9733,Cetacea,whales and dolphins,1,killer whale
9739,Chordata,chordates,1,common bottlenose dolphin
9739,Sarcopterygii,bony fishes and tetrapods,1,common bottlenose dolphin
9739,Amniota,amniotes,1,common bottlenose dolphin
9739,Mammalia,mammals,1,common bottlenose dolphin
9739,Artiodactyla,even-toed ungulates,1,common bottlenose dolphin
9739,Cetacea,whales and dolphins,1,common bottlenose dolphin
9749,Chordata,chordates,1,beluga whale
9749,Sarcopterygii,bony fishes and tetrapods,1,beluga whale
9749,Amniota,amniotes,1,beluga whale
9749,Mammalia,mammals,1,beluga whale
9749,Artiodactyla,even-toed ungulates,1,beluga whale
9749,Cetacea,whales and dolphins,1,beluga whale
9755,Chordata,chordates,1,sperm whale
9755,Sarcopterygii,bony fishes and tetrapods,1,sperm whale
9755,Amniota,amniotes,1,sperm whale
9755,Mammalia,mammals,1,sperm whale
9755,Artiodactyla,even-toed ungulates,1,sperm whale
9755,Cetacea,whales and dolphins,1,sperm whale
9771,Chordata,chordates,1,Blue whale
9771,Sarcopterygii,bony fishes and tetrapods,1,Blue whale
9771,Amniota,amniotes,1,Blue whale
9771,Mammalia,mammals,1,Blue whale
9771,Artiodactyla,even-toed ungulates,1,Blue whale
9771,Cetacea,whales and dolphins,1,Blue whale
9785,Chordata,chordates,1,African savanna elephant
9785,Sarcopterygii,bony fishes and tetrapods,1,African savanna elephant
9785,Amniota,amniotes,1,African savanna elephant
9785,Mammalia,mammals,1,African savanna elephant
9793,Chordata,chordates,1,ass
9793,Sarcopterygii,bony fishes and tetrapods,1,ass
9793,Amniota,amniotes,1,ass
9793,Mammalia,mammals,1,ass
9796,Chordata,chordates,1,horse
9796,Sarcopterygii,bony fishes and tetrapods,1,horse
9796,Amniota,amniotes,1,horse
9796,Mammalia,mammals,1,horse
9798,Chordata,chordates,1,Przewalski's horse
9798,Sarcopterygii,bony fishes and tetrapods,1,Przewalski's horse
9798,Amniota,amniotes,1,Przewalski's horse
9798,Mammalia,mammals,1,Przewalski's horse
9823,Chordata,chordates,1,pig
9823,Sarcopterygii,bony fishes and tetrapods,1,pig
9823,Amniota,amniotes,1,pig
9823,Mammalia,mammals,1,pig
9823,Artiodactyla,even-toed ungulates,1,pig
9837,Chordata,chordates,1,Bactrian camel
9837,Sarcopterygii,bony fishes and tetrapods,1,Bactrian camel
9837,Amniota,amniotes,1,Bactrian camel
9837,Mammalia,mammals,1,Bactrian camel
9837,Artiodactyla,even-toed ungulates,1,Bactrian camel
9838,Chordata,chordates,1,Arabian camel
9838,Sarcopterygii,bony fishes and tetrapods,1,Arabian camel
9838,Amniota,amniotes,1,Arabian camel
9838,Mammalia,mammals,1,Arabian camel
9838,Artiodactyla,even-toed ungulates,1,Arabian camel
9880,Chordata,chordates,1,""
9880,Sarcopterygii,bony fishes and tetrapods,1,""
9880,Amniota,amniotes,1,""
9880,Mammalia,mammals,1,""
9880,Artiodactyla,even-toed ungulates,1,""
9913,Chordata,chordates,1,cattle
9913,Sarcopterygii,bony fishes and tetrapods,1,cattle
9913,Amniota,amniotes,1,cattle
9913,Mammalia,mammals,1,cattle
9913,Artiodactyla,even-toed ungulates,1,cattle
9915,Chordata,chordates,1,zebu cattle
9915,Sarcopterygii,bony fishes and tetrapods,1,zebu cattle
9915,Amniota,amniotes,1,zebu cattle
9915,Mammalia,mammals,1,zebu cattle
9915,Artiodactyla,even-toed ungulates,1,zebu cattle
9925,Chordata,chordates,1,goat
9925,Sarcopterygii,bony fishes and tetrapods,1,goat
9925,Amniota,amniotes,1,goat
9925,Mammalia,mammals,1,goat
9925,Artiodactyla,even-toed ungulates,1,goat
9940,Chordata,chordates,1,sheep
9940,Sarcopterygii,bony fishes and tetrapods,1,sheep
9940,Amniota,amniotes,1,sheep
9940,Mammalia,mammals,1,sheep
9940,Artiodactyla,even-toed ungulates,1,sheep
9974,Chordata,chordates,1,Malayan pangolin
9974,Sarcopterygii,bony fishes and tetrapods,1,Malayan pangolin
9974,Amniota,amniotes,1,Malayan pangolin
9974,Mammalia,mammals,1,Malayan pangolin
9978,Chordata,chordates,1,American pika
9978,Sarcopterygii,bony fishes and tetrapods,1,American pika
9978,Amniota,amniotes,1,American pika
9978,Mammalia,mammals,1,American pika
9986,Chordata,chordates,1,rabbit
9986,Sarcopterygii,bony fishes and tetrapods,1,rabbit
9986,Amniota,amniotes,1,rabbit
9986,Mammalia,mammals,1,rabbit
9994,Chordata,chordates,1,Alpine marmot
9994,Sarcopterygii,bony fishes and tetrapods,1,Alpine marmot
9994,Amniota,amniotes,1,Alpine marmot
9994,Mammalia,mammals,1,Alpine marmot
9994,Rodentia,rodents,1,Alpine marmot
9999,Chordata,chordates,1,Arctic ground squirrel
9999,Sarcopterygii,bony fishes and tetrapods,1,Arctic ground squirrel
9999,Amniota,amniotes,1,Arctic ground squirrel
9999,Mammalia,mammals,1,Arctic ground squirrel
9999,Rodentia,rodents,1,Arctic ground squirrel
